-- MySQL Administrator dump 1.4
--
-- ------------------------------------------------------
-- Server version	5.1.32-community


/*!40101 SET @OLD_CHARACTER_SET_CLIENT=@@CHARACTER_SET_CLIENT */;
/*!40101 SET @OLD_CHARACTER_SET_RESULTS=@@CHARACTER_SET_RESULTS */;
/*!40101 SET @OLD_COLLATION_CONNECTION=@@COLLATION_CONNECTION */;
/*!40101 SET NAMES utf8 */;

/*!40014 SET @OLD_UNIQUE_CHECKS=@@UNIQUE_CHECKS, UNIQUE_CHECKS=0 */;
/*!40014 SET @OLD_FOREIGN_KEY_CHECKS=@@FOREIGN_KEY_CHECKS, FOREIGN_KEY_CHECKS=0 */;
/*!40101 SET @OLD_SQL_MODE=@@SQL_MODE, SQL_MODE='NO_AUTO_VALUE_ON_ZERO' */;


--
-- Create schema acm
--

CREATE DATABASE IF NOT EXISTS acm;
USE acm;

--
-- Definition of table `categoria_despesa`
--

DROP TABLE IF EXISTS `categoria_despesa`;
CREATE TABLE `categoria_despesa` (
  `CD_ID` int(11) NOT NULL AUTO_INCREMENT,
  `CD_NOME` varchar(100) NOT NULL,
  PRIMARY KEY (`CD_ID`)
) ENGINE=InnoDB AUTO_INCREMENT=19 DEFAULT CHARSET=latin1;

--
-- Dumping data for table `categoria_despesa`
--

/*!40000 ALTER TABLE `categoria_despesa` DISABLE KEYS */;
INSERT INTO `categoria_despesa` (`CD_ID`,`CD_NOME`) VALUES 
 (3,'BASICAS'),
 (4,'FUNCIONARIOS'),
 (5,'ALIMENTICIOS'),
 (6,'MANUTENCAO'),
 (7,'MAMOGRAFICAS'),
 (8,'TELECOMUNICACOES'),
 (9,'EXTRA GG'),
 (10,'IMPOSTOS'),
 (11,'DESCARTAVEIS'),
 (12,'LIMPESA'),
 (13,'ESCRITORIO'),
 (14,'GRAFICAS'),
 (15,'TARIFAS BANCARIAS'),
 (16,'EXTRA VV'),
 (17,'EXTRA CLINICA'),
 (18,'EXTRA MX');
/*!40000 ALTER TABLE `categoria_despesa` ENABLE KEYS */;


--
-- Definition of table `conta_pagamento`
--

DROP TABLE IF EXISTS `conta_pagamento`;
CREATE TABLE `conta_pagamento` (
  `CP_ID` int(11) NOT NULL AUTO_INCREMENT,
  `CP_NOME` varchar(100) NOT NULL,
  `CP_CONTA` varchar(10) NOT NULL,
  `CP_AGENCIA` varchar(10) NOT NULL,
  `CP_BANCO` varchar(50) NOT NULL,
  PRIMARY KEY (`CP_ID`)
) ENGINE=InnoDB AUTO_INCREMENT=10 DEFAULT CHARSET=latin1;

--
-- Dumping data for table `conta_pagamento`
--

/*!40000 ALTER TABLE `conta_pagamento` DISABLE KEYS */;
INSERT INTO `conta_pagamento` (`CP_ID`,`CP_NOME`,`CP_CONTA`,`CP_AGENCIA`,`CP_BANCO`) VALUES 
 (4,'ULTRA-SOMMA','18206-0','1591-1','BRASIL'),
 (5,'ULTRA-SOMMA','4225-0','2202','UNICRED'),
 (6,'ULTRA-SOMMA','00000435-7','0041','CAIXA ECONOMICA FEDERAL'),
 (7,'ULTRA-SOMMA','01300-8','7984','ITAU'),
 (8,'GERUZA','103345-X','1591-1','BRASIL'),
 (9,'GERUZA','83-3','2202','UNICRED');
/*!40000 ALTER TABLE `conta_pagamento` ENABLE KEYS */;


--
-- Definition of table `convenio`
--

DROP TABLE IF EXISTS `convenio`;
CREATE TABLE `convenio` (
  `CON_ID` int(11) NOT NULL AUTO_INCREMENT,
  `CON_NOME` varchar(100) NOT NULL,
  `CON_PAGO_A_VISTA` varchar(1) NOT NULL,
  `CON_CONTA_PAGAMENTO` int(11) DEFAULT NULL,
  `CON_SOCIO` int(11) DEFAULT NULL,
  PRIMARY KEY (`CON_ID`),
  KEY `FKCF178C31B9E7F93` (`CON_CONTA_PAGAMENTO`),
  KEY `FKCF178C3253277FA` (`CON_SOCIO`),
  CONSTRAINT `FKCF178C3253277FA` FOREIGN KEY (`CON_SOCIO`) REFERENCES `socio` (`SOC_ID`),
  CONSTRAINT `FKCF178C31B9E7F93` FOREIGN KEY (`CON_CONTA_PAGAMENTO`) REFERENCES `conta_pagamento` (`CP_ID`),
  CONSTRAINT `FK_CONVENIO_CONTA_PAGAMENTO` FOREIGN KEY (`CON_CONTA_PAGAMENTO`) REFERENCES `conta_pagamento` (`CP_ID`),
  CONSTRAINT `FK_convenio_SOCIO` FOREIGN KEY (`CON_SOCIO`) REFERENCES `socio` (`SOC_ID`)
) ENGINE=InnoDB AUTO_INCREMENT=9 DEFAULT CHARSET=latin1;

--
-- Dumping data for table `convenio`
--

/*!40000 ALTER TABLE `convenio` DISABLE KEYS */;
INSERT INTO `convenio` (`CON_ID`,`CON_NOME`,`CON_PAGO_A_VISTA`,`CON_CONTA_PAGAMENTO`,`CON_SOCIO`) VALUES 
 (1,'UNIMED PJ','N',5,NULL),
 (2,'UNIMED PF GG','N',9,4),
 (3,'CASSI PJ ','N',4,NULL),
 (4,'HIPERCARD  PJ','N',7,NULL),
 (5,'PARTICULAR GG','S',7,NULL),
 (6,'APCEF VV','S',7,NULL);
/*!40000 ALTER TABLE `convenio` ENABLE KEYS */;


--
-- Definition of table `departamento`
--

DROP TABLE IF EXISTS `departamento`;
CREATE TABLE `departamento` (
  `DEP_ID` int(11) NOT NULL AUTO_INCREMENT,
  `DEP_NOME` varchar(100) NOT NULL,
  `DEP_SOCIO` int(11) DEFAULT NULL,
  PRIMARY KEY (`DEP_ID`),
  KEY `FK3E1C140414779CC7` (`DEP_SOCIO`),
  CONSTRAINT `FK3E1C140414779CC7` FOREIGN KEY (`DEP_SOCIO`) REFERENCES `socio` (`SOC_ID`)
) ENGINE=InnoDB AUTO_INCREMENT=11 DEFAULT CHARSET=latin1;

--
-- Dumping data for table `departamento`
--

/*!40000 ALTER TABLE `departamento` DISABLE KEYS */;
INSERT INTO `departamento` (`DEP_ID`,`DEP_NOME`,`DEP_SOCIO`) VALUES 
 (1,'ULTRASSONOGRAFIA GG',NULL),
 (2,'ULTRASSONOGRAFIA VV',NULL),
 (3,'MAMOGRAFIA GG',NULL),
 (4,'MAMOGRAFIA VV',NULL),
 (5,'PROCEDIMENTOS',NULL),
 (6,'CLINICA',NULL),
 (7,'ULTRA-SOMMA',NULL),
 (9,'MAMOGRAFIA GERAL',NULL),
 (10,'ULTRASSONOGRAFIA GERAL',NULL);
/*!40000 ALTER TABLE `departamento` ENABLE KEYS */;


--
-- Definition of table `despesa`
--

DROP TABLE IF EXISTS `despesa`;
CREATE TABLE `despesa` (
  `DES_ID` int(11) NOT NULL AUTO_INCREMENT,
  `DES_NOME` varchar(100) NOT NULL,
  `DES_VALOR` varchar(100) NOT NULL,
  `DES_VENCIMENTO` int(11) NOT NULL,
  `DES_CATEGORIA` int(11) NOT NULL,
  `DES_DEPARTAMENTO` int(11) NOT NULL,
  PRIMARY KEY (`DES_ID`),
  KEY `FK879D29F59E7B6D58` (`DES_DEPARTAMENTO`),
  KEY `FK879D29F54B674CA8` (`DES_VENCIMENTO`),
  KEY `FK879D29F5906CBF6B` (`DES_CATEGORIA`),
  CONSTRAINT `FK879D29F54B674CA8` FOREIGN KEY (`DES_VENCIMENTO`) REFERENCES `vencimento` (`VEN_ID`),
  CONSTRAINT `FK879D29F5906CBF6B` FOREIGN KEY (`DES_CATEGORIA`) REFERENCES `categoria_despesa` (`CD_ID`),
  CONSTRAINT `FK879D29F59E7B6D58` FOREIGN KEY (`DES_DEPARTAMENTO`) REFERENCES `departamento` (`DEP_ID`),
  CONSTRAINT `FK_DESPESA_CATEGORIA_DESPESA` FOREIGN KEY (`DES_CATEGORIA`) REFERENCES `categoria_despesa` (`CD_ID`),
  CONSTRAINT `FK_DESPESA_DEPARTAMENTO` FOREIGN KEY (`DES_DEPARTAMENTO`) REFERENCES `departamento` (`DEP_ID`),
  CONSTRAINT `FK_DESPESA_VENCIMENTO` FOREIGN KEY (`DES_VENCIMENTO`) REFERENCES `vencimento` (`VEN_ID`)
) ENGINE=InnoDB AUTO_INCREMENT=20 DEFAULT CHARSET=latin1;

--
-- Dumping data for table `despesa`
--

/*!40000 ALTER TABLE `despesa` DISABLE KEYS */;
INSERT INTO `despesa` (`DES_ID`,`DES_NOME`,`DES_VALOR`,`DES_VENCIMENTO`,`DES_CATEGORIA`,`DES_DEPARTAMENTO`) VALUES 
 (4,'AGUA MINERAL','108,00',1,3,6),
 (5,'MARCKSON','465,00',1,6,6),
 (6,'CONDOMINIO','800,00',1,3,6),
 (7,'COFINS','370,96',1,10,6),
 (8,'PIS','92,04',1,10,6),
 (9,'ONIBUS MOISES','5,10',1,17,6),
 (10,'ELASTICO ORAL','15,00',1,18,9),
 (11,'DIVIDA','0,00',1,3,1),
 (12,'AGUA MINERAL','112,00',2,3,6),
 (13,'MARCKSON','465,00',2,6,6),
 (14,'CONDOMINIO','800,00',2,3,6),
 (15,'COFINS','370,96',2,10,6),
 (16,'PIS','92,04',2,10,6),
 (17,'ONIBUS MOISES','5,10',2,17,6),
 (18,'ELASTICO ORAL','15,00',2,18,9),
 (19,'DIVIDA','0,00',2,3,1);
/*!40000 ALTER TABLE `despesa` ENABLE KEYS */;


--
-- Definition of table `receita`
--

DROP TABLE IF EXISTS `receita`;
CREATE TABLE `receita` (
  `REC_ID` int(11) NOT NULL AUTO_INCREMENT,
  `REC_QUANTIDADE_EXAMES` varchar(15) NOT NULL,
  `REC_VALOR_BRUTO` varchar(15) NOT NULL,
  `REC_DEPARTAMENTO` int(11) NOT NULL,
  `REC_RECEITA_POR_CONVENIO` int(11) NOT NULL,
  PRIMARY KEY (`REC_ID`),
  KEY `FK6B4DFE81D698F59A` (`REC_DEPARTAMENTO`),
  KEY `FK6B4DFE81603D6D34` (`REC_RECEITA_POR_CONVENIO`),
  CONSTRAINT `FK6B4DFE81603D6D34` FOREIGN KEY (`REC_RECEITA_POR_CONVENIO`) REFERENCES `receita_por_convenio` (`RPC_ID`),
  CONSTRAINT `FK6B4DFE81D698F59A` FOREIGN KEY (`REC_DEPARTAMENTO`) REFERENCES `departamento` (`DEP_ID`),
  CONSTRAINT `FK_RECEITA_DEPARTAMENTO` FOREIGN KEY (`REC_DEPARTAMENTO`) REFERENCES `departamento` (`DEP_ID`),
  CONSTRAINT `FK_RECEITA_RECEITA_POR_CONVENIO` FOREIGN KEY (`REC_RECEITA_POR_CONVENIO`) REFERENCES `receita_por_convenio` (`RPC_ID`)
) ENGINE=InnoDB AUTO_INCREMENT=6 DEFAULT CHARSET=latin1;

--
-- Dumping data for table `receita`
--

/*!40000 ALTER TABLE `receita` DISABLE KEYS */;
INSERT INTO `receita` (`REC_ID`,`REC_QUANTIDADE_EXAMES`,`REC_VALOR_BRUTO`,`REC_DEPARTAMENTO`,`REC_RECEITA_POR_CONVENIO`) VALUES 
 (4,'120','700,00',2,3),
 (5,'250','820,00',9,3);
/*!40000 ALTER TABLE `receita` ENABLE KEYS */;


--
-- Definition of table `receita_por_convenio`
--

DROP TABLE IF EXISTS `receita_por_convenio`;
CREATE TABLE `receita_por_convenio` (
  `RPC_ID` int(11) NOT NULL AUTO_INCREMENT,
  `RPC_DATA_DEPOSITO` varchar(15) NOT NULL,
  `RPC_QUANTIDADE_EXAMES_TOTAL` varchar(15) NOT NULL,
  `RPC_ALIQUOTA_INSS` varchar(15) NOT NULL,
  `RPC_ALIQUOTA_IR` varchar(15) NOT NULL,
  `RPC_DEDUCAO_IR` varchar(15) NOT NULL,
  `RPC_VALOR_EXAMES` varchar(15) NOT NULL,
  `RPC_VALOR_MATERIAIS` varchar(15) NOT NULL,
  `RPC_VALOR_FILMES` varchar(15) NOT NULL,
  `RPC_VALOR_MEDICAMENTOS` varchar(15) NOT NULL,
  `RPC_INSS_TOTAL` varchar(15) NOT NULL,
  `RPC_IR_TOTAL` varchar(15) NOT NULL,
  `RPC_PAGAMENTO_PARTICULAR` varchar(15) NOT NULL,
  `RPC_OUTRAS_DESPESAS` varchar(15) NOT NULL,
  `RPC_VALOR_BRUTO_TOTAL` varchar(15) NOT NULL,
  `RPC_VALOR_DESPESAS_TOTAL` varchar(15) NOT NULL,
  `RPC_VALOR_CREDITADO` varchar(15) NOT NULL,
  `RPC_CONVENIO` int(11) NOT NULL,
  `RPC_VENCIMENTO` int(11) NOT NULL,
  PRIMARY KEY (`RPC_ID`),
  KEY `FK2734824D6A0F44F5` (`RPC_VENCIMENTO`),
  KEY `FK2734824D600AF663` (`RPC_CONVENIO`),
  CONSTRAINT `FK2734824D600AF663` FOREIGN KEY (`RPC_CONVENIO`) REFERENCES `convenio` (`CON_ID`),
  CONSTRAINT `FK2734824D6A0F44F5` FOREIGN KEY (`RPC_VENCIMENTO`) REFERENCES `vencimento` (`VEN_ID`),
  CONSTRAINT `FK_RECEITA_POR_CONVENIO_CONVENIO` FOREIGN KEY (`RPC_CONVENIO`) REFERENCES `convenio` (`CON_ID`),
  CONSTRAINT `FK_RECEITA_POR_CONVENIO_VENCIMENTO` FOREIGN KEY (`RPC_VENCIMENTO`) REFERENCES `vencimento` (`VEN_ID`)
) ENGINE=InnoDB AUTO_INCREMENT=4 DEFAULT CHARSET=latin1;

--
-- Dumping data for table `receita_por_convenio`
--

/*!40000 ALTER TABLE `receita_por_convenio` DISABLE KEYS */;
INSERT INTO `receita_por_convenio` (`RPC_ID`,`RPC_DATA_DEPOSITO`,`RPC_QUANTIDADE_EXAMES_TOTAL`,`RPC_ALIQUOTA_INSS`,`RPC_ALIQUOTA_IR`,`RPC_DEDUCAO_IR`,`RPC_VALOR_EXAMES`,`RPC_VALOR_MATERIAIS`,`RPC_VALOR_FILMES`,`RPC_VALOR_MEDICAMENTOS`,`RPC_INSS_TOTAL`,`RPC_IR_TOTAL`,`RPC_PAGAMENTO_PARTICULAR`,`RPC_OUTRAS_DESPESAS`,`RPC_VALOR_BRUTO_TOTAL`,`RPC_VALOR_DESPESAS_TOTAL`,`RPC_VALOR_CREDITADO`,`RPC_CONVENIO`,`RPC_VENCIMENTO`) VALUES 
 (3,'2/2010','500','1,00','9,40','0,00','2.000,00','0,00','20,00','0,00','20,20','187,98','0,00','0,00','2.020,00','208,17','1.811,83',1,1);
/*!40000 ALTER TABLE `receita_por_convenio` ENABLE KEYS */;


--
-- Definition of table `socio`
--

DROP TABLE IF EXISTS `socio`;
CREATE TABLE `socio` (
  `SOC_ID` int(11) NOT NULL AUTO_INCREMENT,
  `SOC_NOME` varchar(100) NOT NULL,
  PRIMARY KEY (`SOC_ID`)
) ENGINE=InnoDB AUTO_INCREMENT=5 DEFAULT CHARSET=latin1;

--
-- Dumping data for table `socio`
--

/*!40000 ALTER TABLE `socio` DISABLE KEYS */;
INSERT INTO `socio` (`SOC_ID`,`SOC_NOME`) VALUES 
 (3,'GERUZA GUIMARÃES'),
 (4,'VALÉRIA VIRGOLINO');
/*!40000 ALTER TABLE `socio` ENABLE KEYS */;


--
-- Definition of table `usuario`
--

DROP TABLE IF EXISTS `usuario`;
CREATE TABLE `usuario` (
  `USU_ID` int(11) NOT NULL AUTO_INCREMENT,
  `USU_LOGIN` varchar(100) NOT NULL,
  `USU_SENHA` varchar(45) NOT NULL,
  `USU_NIVEL` varchar(45) NOT NULL,
  PRIMARY KEY (`USU_ID`)
) ENGINE=InnoDB AUTO_INCREMENT=5 DEFAULT CHARSET=latin1;

--
-- Dumping data for table `usuario`
--

/*!40000 ALTER TABLE `usuario` DISABLE KEYS */;
INSERT INTO `usuario` (`USU_ID`,`USU_LOGIN`,`USU_SENHA`,`USU_NIVEL`) VALUES 
 (1,'GERUZA','ACM123','Administrador'),
 (4,'LUCELIA','SOMMA','Contador');
/*!40000 ALTER TABLE `usuario` ENABLE KEYS */;


--
-- Definition of table `vencimento`
--

DROP TABLE IF EXISTS `vencimento`;
CREATE TABLE `vencimento` (
  `VEN_ID` int(11) NOT NULL AUTO_INCREMENT,
  `VEN_NOME` varchar(100) NOT NULL,
  PRIMARY KEY (`VEN_ID`)
) ENGINE=InnoDB AUTO_INCREMENT=3 DEFAULT CHARSET=latin1;

--
-- Dumping data for table `vencimento`
--

/*!40000 ALTER TABLE `vencimento` DISABLE KEYS */;
INSERT INTO `vencimento` (`VEN_ID`,`VEN_NOME`) VALUES 
 (1,'01/2010'),
 (2,'02/2010');
/*!40000 ALTER TABLE `vencimento` ENABLE KEYS */;




/*!40101 SET SQL_MODE=@OLD_SQL_MODE */;
/*!40014 SET FOREIGN_KEY_CHECKS=@OLD_FOREIGN_KEY_CHECKS */;
/*!40014 SET UNIQUE_CHECKS=@OLD_UNIQUE_CHECKS */;
/*!40101 SET CHARACTER_SET_CLIENT=@OLD_CHARACTER_SET_CLIENT */;
/*!40101 SET CHARACTER_SET_RESULTS=@OLD_CHARACTER_SET_RESULTS */;
/*!40101 SET COLLATION_CONNECTION=@OLD_COLLATION_CONNECTION */;
/*!40101 SET CHARACTER_SET_CLIENT=@OLD_CHARACTER_SET_CLIENT */;
